Beskrivning KN,Category,Varuimport 2016 (ton),Varuimport 2019 (ton),Varuimport 2023 (ton),Varuexport 2016 (ton),Varuexport 2019 (ton),Varuexport 2023 (ton),Varuproduktion 2016 (ton),Varuproduktion 2019 (ton),Varuproduktion 2023 (ton),Satt pa marknaden 2016 (ton),Satt pa marknaden 2019 (ton),Satt pa marknaden 2023 (ton)
KAPITEL 39:PLASTER OCH PLASTVAROR,,,,,,,,,,,,,
"Polyeten med en specifik vikt av < 0,94 LD, i obearbetad form","Polymerer av eten, i obearbetad form",223672,194701,141156,296806,262279,278452,206149,188025,DS,133015,120447,DS
"Polyeten med en specifik vikt av <= 0.94 HD,i obearbetad form","Polymerer av eten, i obearbetad form",109622,104405,103211,274201,290179,232691,357570,309840,DS,192991,124066,DS
Sampolymereraveten och vinyl- acetati obearbetad form,"Polymerer av eten, i obearbetad form",10705,9925,11037,1329,4411,2349,34,21,DS,9410,5535,DS
"Sampolymerer av eten-alfa-olefin, som har en specifik vikt av < 0.94, i obearbetad form","Polymerer av eten, i obearbetad form",0,77187,86762,0,6236,4493,0,0,DS,0,70951,DS
"Polymerer av eten, i obearbetad form (exkl. polyeten samt sampoly- merer av eten och vinylacetat)","Polymerer av eten, i obearbetad form",96783,36830,36361,16985,20163,18575,57530,51395,DS,137328,68062,DS
"Polypropen, i obearbetad form",Polymerer av propen eller av andra olefiner i obearbetod form,120046,127418,119893,29181,20081,26399,23176,29728,DS,114041,137065,DS
"Polyisobuten,i obearbetad form",Polymerer av propen eller av andra olefiner i obearbetod form,2734,4000,4713,152,52,43,0,0,DS,2582,3948,DS
"Sampolymerer med propen, i obearbetad form",Polymerer av propen eller av andra olefiner i obearbetod form,104679,111098,89387,13023,8625,7627,5436,6736,DS,97092,109209,DS
"Polymerer av propen eller av andra olefiner i obearbetad form (ekl. polypropen,polyisobuten och sampolymerer med propen)",Polymerer av propen eller av andra olefiner i obearbetod form,7706,9849,5224,10005,10714,8633,12477,12506,DS,10178,11641,DS
"Polystyren, expanderhar, i obearbetad form","Polymerer ov styren,i obeorhetod form",51815,50348,37097,8049,7536,10899,0,0,0,43766,42812,26198
"Polystyren, i obearhetad form (exklepanderbar)","Polymerer ov styren,i obeorhetod form",17133,16644,16034,1126,2323,938,4,48,DS,16011,14369,DS
"Sampolymerer av styren och akryl- nitril sAN,i obearbetad form","Polymerer ov styren,i obeorhetod form",2513,1528,825,648,166,122,323,46,DS,2188,1408,DS
"Sampolymerer avakrylnitril, buta dien och styren ABs. i obearbetad form","Polymerer ov styren,i obeorhetod form",21148,22989,13881,3108,2807,4538,7026,6263,DS,25066,26445,DS
"Polymerer av styren, i obearbetad form (exkl. polystyrensampoly- merer av styren och akrylnitrilSAN samt sampolymererav akrylnitril. butadien och styren ABS)","Polymerer ov styren,i obeorhetod form",19375,13890,9252,18274,23058,17370,16434,19324,DS,17535,10156,DS
Polyvinylklorid. i obearbetad form. inte blandad med andra amnen,Polymerer av vinylklorid eller av andra halogenerade olefiner i obearbetad form,65338,59548,44198,208469,228232,225318,211459,226958,DS,68328,58274,DS
"Polyvinylklorid, inte mjukgjord, i obearbetad form, blandad med andra amnen",Polymerer av vinylklorid eller av andra halogenerade olefiner i obearbetad form,5259,3422,75,3163,2878,3509,6295,8141,DS,8391,8685,DS
"Polyvinylklorid,mjukgjord, i obearbetad form, blandad med andra amnen",Polymerer av vinylklorid eller av andra halogenerade olefiner i obearbetad form,1138,584,881,7573,6651,3827,8909,12531,DS,2474,6464,DS
"Sampolymerer av vinylklorid och vinylacetat, i obearbetad form",Polymerer av vinylklorid eller av andra halogenerade olefiner i obearbetad form,163,340,91,12,4,31,0,0,0,151,336,60
Sampolymerer med vinylklorid i obearbetad form (exkl. sampoly- merer av vinylklorid och vinyl- acetat),Polymerer av vinylklorid eller av andra halogenerade olefiner i obearbetad form,188,11,70,100,59,34,0,0,0,88,52,36
Polymerer av vinylidenklorid. i obearbetad form,Polymerer av vinylklorid eller av andra halogenerade olefiner i obearbetad form,155,111,58,1316,1505,378,663,2199,DS,-498,805,DS
"Polytetrafluoreten, i obaarbetad form",Polymerer av vinylklorid eller av andra halogenerade olefiner i obearbetad form,757,567,248,3,2,13,30,12,DS,784,577,DS
"Polymerer av viny lklorid eller avandra halogenerade olefiner, i obearbetad form, fluorhaltiga (exklpolytetrafluoreten)",Polymerer av vinylklorid eller av andra halogenerade olefiner i obearbetad form,240,594,294,61,28,110,3,1,DS,182,567,DS
"Polymerer av vinylklorid eller av andra halogenerade olefiner. i obearbetadform (exkl. polyvinyl- klorid,sampolymerer av viny lklorid och vinylacetat, sampolymerer med vinylklorid, polymerer av vinvlidenklorid samt fluorhaltiga polymerer",Polymerer av vinylklorid eller av andra halogenerade olefiner i obearbetad form,110,45,53,23,17,250,0,0,0,87,28,-197
"Polyvinylacetat, ivattendispersion",Polymerer av vinylacetat eller av andra vinylestrar i obearbetad form andra vinylpolymerer i obearbetad form,3280,2897,2639,5948,3337,2646,0,0,DS,-2668,-440,DS
"Polyvinylacetat, i obearbetad form (exkl. i vattendispersion)",Polymerer av vinylacetat eller av andra vinylestrar i obearbetad form andra vinylpolymerer i obearbetad form,43,89,242,30,28,0,0,0,0,13,61,242
Sampolymerer av vinylacetat. i vattendispersion,Polymerer av vinylacetat eller av andra vinylestrar i obearbetad form andra vinylpolymerer i obearbetad form,13560,10110,8987,43571,32317,24571,59248,44780,DS,29237,22573,DS
"Sampolymerer av vinylacetat, i obearbetad form (exkli vatten- dispersion)",Polymerer av vinylacetat eller av andra vinylestrar i obearbetad form andra vinylpolymerer i obearbetad form,4308,6275,4002,50,178,133,0,0,0,4258,6097,3869
"Polyvinylalkohol, aven innehallande ohydrolyserade acetatgrupper, i obearbetad form",Polymerer av vinylacetat eller av andra vinylestrar i obearbetad form andra vinylpolymerer i obearbetad form,3669,3276,2255,94,300,64,0,96,DS,3575,3072,DS
"Sampolymereri obearbetad form (exkl. polyvinylacetat, sampoly- merer av vinylacetat och polyvinyl- alkohol)",Polymerer av vinylacetat eller av andra vinylestrar i obearbetad form andra vinylpolymerer i obearbetad form,2262,1836,2278,130,214,13,116,0,0,2248,1622,2265
"Polymerer av vinylacetat eller av andra vinylestrar i obearbetad form (exkl. polyvinylacetat, sampoly- merer av viny lacetat, polyvinyl- alkohol och sampolymerer)",Polymerer av vinylacetat eller av andra vinylestrar i obearbetad form andra vinylpolymerer i obearbetad form,3322,5252,5374,76,113,666,17,,0,3263,5140,4078
Polymetylmetakrylat. i obearbetad form,Akrylpolymerer i obearbetad form,1884,1906,1832,564,477,677,67,64,DS,1387,1493,DS
"Akrylpolymerer, i obearbetad form (exkl polymetylmetakry lat)",Akrylpolymerer i obearbetad form,98247,118618,103331,45986,47110,50306,68865,67337,DS,121126,138845,DS
Polyacetaler i obearbetad form,Polyacetaler andra polyetrar samt epoxihartser i obearbetad form; polykarbonateralkydhartser polyallylestrar och andra polyestrar i obearbetad form,5637,5953,5129,1839,1660,1418,676,535,DS,4474,4828,DS
Polyetrar i obearbetad form (exkl. polyacetaler och produkteri 300210),Polyacetaler andra polyetrar samt epoxihartser i obearbetad form; polykarbonateralkydhartser polyallylestrar och andra polyestrar i obearbetad form,20187,23213,0,3002,3763,0,4845,4385,0,22030,23835,0
Bispolyoietylenmetylfosfonat. i obearbetad form,Polyacetaler andra polyetrar samt epoxihartser i obearbetad form; polykarbonateralkydhartser polyallylestrar och andra polyestrar i obearbetad form,0,0,3579,0,0,12,0,0,0,0,0,3567
"Polvetrar i obearbetad form (exkl. polyacetaler, bispolyoxietylenmetylfosfonat och varor enligt 3002 10)",Polyacetaler andra polyetrar samt epoxihartser i obearbetad form; polykarbonateralkydhartser polyallylestrar och andra polyestrar i obearbetad form,0,0,18942,0,0,2612,0,0,DS,0,0,DS
Epoxihartser i obearbetad form,Polyacetaler andra polyetrar samt epoxihartser i obearbetad form; polykarbonateralkydhartser polyallylestrar och andra polyestrar i obearbetad form,14932,13497,11861,1963,1953,1322,663,2261,DS,13632,13805,DS
Polykarbonater i obearbetad form,Polyacetaler andra polyetrar samt epoxihartser i obearbetad form; polykarbonateralkydhartser polyallylestrar och andra polyestrar i obearbetad form,24021,25720,27185,5052,7537,6836,2105,2818,DS,21074,21001,DS
Alkydhartser i obearbetad form,Polyacetaler andra polyetrar samt epoxihartser i obearbetad form; polykarbonateralkydhartser polyallylestrar och andra polyestrar i obearbetad form,9113,6572,4128,811,154,205,68,615,DS,8370,7033,DS
Polvetentereftalat. i obearbetad form,Polyacetaler andra polyetrar samt epoxihartser i obearbetad form; polykarbonateralkydhartser polyallylestrar och andra polyestrar i obearbetad form,32207,0,0,12528,0,,84,0,0,19763,0,0
"Polvetentereftalat i obearbetad form, med en viskositetskvot av >=78 ml/g",Polyacetaler andra polyetrar samt epoxihartser i obearbetad form; polykarbonateralkydhartser polyallylestrar och andra polyestrar i obearbetad form,0,35741,37403,0,173,864,0,0,DS,0,35568,DS
"Polyetentereftalat, i obearbetad form, med en viskositetskvot av <78ml/g",Polyacetaler andra polyetrar samt epoxihartser i obearbetad form; polykarbonateralkydhartser polyallylestrar och andra polyestrar i obearbetad form,0,193,2479,,18605,15845,0,0,0,0,-18412,-13366
Polymjilksyrai obearbetad form,Polyacetaler andra polyetrar samt epoxihartser i obearbetad form; polykarbonateralkydhartser polyallylestrar och andra polyestrar i obearbetad form,179,1837,1255,,64,14,0,0,0,176,1773,1241
"Polyallylestrar och andra poly- estraromattadei obearbetad form (exkl. polykarbonater, alkyd- hartser och polyetentereftalat samt polymjolksyra)",Polyacetaler andra polyetrar samt epoxihartser i obearbetad form; polykarbonateralkydhartser polyallylestrar och andra polyestrar i obearbetad form,26899,27363,20174,17227,17752,12288,0,0,DS,9672,9611,DS
Polvestrar mattadei obearbetad form (exkl. poly karbonater alkyd- hartser och polyetentereftalat samt polymjolksyra),Polyacetaler andra polyetrar samt epoxihartser i obearbetad form; polykarbonateralkydhartser polyallylestrar och andra polyestrar i obearbetad form,24545,22319,18609,12106,12482,13642,14779,14887,13950,27218,24724,18917
"Polyamid-6, -11, -12, -6,6, -6,9, -6,10 eller -6.12,i obearbetad form",Polyamider iobearbetod form,19197,19286,17389,5709,6469,5794,5388,6545,DS,18876,19362,DS
"Polyamid, i obearbetad form (exkl. polyamid-6, -11, -12, -6,6, -6,9, -610 eller -6.12)",Polyamider iobearbetod form,6933,10542,11234,3457,12640,16051,7183,3254,DS,10659,1156,DS
Karbamidplaster inkl tiokarbamid- plaster i obearbetad form,"Aminoplaster, fenoplaster och polyuretaner i obearbetad form",6285,6507,5313,33625,24669,21093,55359,24402,DS,28019,6240,DS
"Melaminplaster, i obearbetad form","Aminoplaster, fenoplaster och polyuretaner i obearbetad form",6737,8413,12170,4699,8024,12380,6165,4749,DS,8203,5138,DS
"Aminoplaster i obearbetad form (ex kl. karbamidplaster, tiokarbamid- plaster och melaminplaster)","Aminoplaster, fenoplaster och polyuretaner i obearbetad form",9145,0,0,5019,0,0,99,0,DS,4225,0,DS
"Polymety lenfenylisocyanat obearbetad MDI, MDI-polymer, i obearbetad form","Aminoplaster, fenoplaster och polyuretaner i obearbetad form",0,4089,2950,0,549,223,0,0,DS,0,3540,DS
"Aminoplasteri obearbetad form (ekl. karbamidplaster tiokarbamid- plaster melaminplaster och polymetylenfenylisocyanat obearbetad MDI, MDI-polymer)","Aminoplaster, fenoplaster och polyuretaner i obearbetad form",0,6171,6353,0,5576,4573,0,0,0,0,595,1780
Fenoplaster i obearbetad form,"Aminoplaster, fenoplaster och polyuretaner i obearbetad form",12897,12460,12759,21950,19908,17138,24264,19653,DS,15211,12205,DS
Polyuretaner i obearbetad form,"Aminoplaster, fenoplaster och polyuretaner i obearbetad form",9492,12589,14483,2030,2274,3027,5640,1647,DS,13102,11962,DS
Silikoner i obearbetad form,Silikoner i obearbetad form,6863,10159,9718,1073,747,759,256,274,DS,6046,9686,DS
"Petroleumhartser, umaronhartser. indenhartser och kumaroninden- hartser samt polyterpener i obearbetad form","Petroleumhartser kumaronindenhartser polyterpener polysulfider polysulfoner och andra genom kemisk syntes framstallda polymerer och prepolymerer i.an., i obearbetad form",11789,12120,8799,848,265,491,0,0,0,10941,11855,8308
"Poly13-fenylenmety lfosfonat, i obearbetad form","Petroleumhartser kumaronindenhartser polyterpener polysulfider polysulfoner och andra genom kemisk syntes framstallda polymerer och prepolymerer i.an., i obearbetad form",0,0,1,0,0,0,0,0,0,0,0,1
Polysulfider polysulfoner och andra genom kemisk syntes framstallda polymerer och prepolymerer i.a.n.. i obearbetad form,"Petroleumhartser kumaronindenhartser polyterpener polysulfider polysulfoner och andra genom kemisk syntes framstallda polymerer och prepolymerer i.an., i obearbetad form",6209,6111,5588,2568,2327,2689,1936,1467,DS,5577,5251,DS
Cellulosaacetater inte mjukejorda. i obearbetad form,"Cellulosa och kemisko cellulosgderivatia.n., i obeorhetad form",32,27,31,90,105,5,0,0,0,-58,78,26
"Cellulosaacetater, mjukgjorda, i obearbetad form","Cellulosa och kemisko cellulosgderivatia.n., i obeorhetad form",98,28,12,0,0,2,0,0,0,98,28,10
"Cellulosanitrater,inkl. kollodium, i obearbetad form","Cellulosa och kemisko cellulosgderivatia.n., i obeorhetad form",1406,1333,1448,69,81,47,0,0,DS,1337,1252,DS
"Karboximety lcellulosa och salter av detta amne,i obearbetad form","Cellulosa och kemisko cellulosgderivatia.n., i obeorhetad form",1918,2787,1595,109,207,167,0,0,0,1809,2580,1428
Cellulosaetrar i obearbetad form (exklkarboximetyicellulosa och salter av detta amne),"Cellulosa och kemisko cellulosgderivatia.n., i obeorhetad form",2556,2935,1678,25311,25729,20581,24587,26108,DS,1832,3314,DS
"Cellulosa ochkemiska cellulosa- derivat, i.a.n., i obearbetad form (exkl. cellulosaacetatercellulosa- nitrater och cellulosaetrar)","Cellulosa och kemisko cellulosgderivatia.n., i obeorhetad form",1920,2370,3174,237,146,993,40,1,DS,1723,2225,DS
"Alginsyra samt salter och estrar av alginsyra, i obearbetad form","Polymerer noturtigo till exempel alginsyra, och modifierade naturliga polymerer till exempel hdrdode proteiner och kemisko derivot av naturgummiian., i obeorbetod form",94,94,137,3,16,23,0,0,0,91,78,114
"Polymerer, naturliga, till exempel alginsyra, och modifierade naturliga polymerer, till exempel hardade proteiner och kemiska derivat avnaturgummi,i.a.n., i obearbetad form (exkl. alginsyra samt salter och estrar av alginsyra)","Polymerer noturtigo till exempel alginsyra, och modifierade naturliga polymerer till exempel hdrdode proteiner och kemisko derivot av naturgummiian., i obeorbetod form",4984,3880,897,1016,835,894,6879,1419,DS,10847,4464,DS
Jonbytare pa basis ay polymerer enligt nr 3901 till 3913. i obearbetad form,Jonbytore pa basis ov polymerer enligt nr 39o1 till 3913.i obearbetod form,906,682,416,299,372,529,323,51407,DS,930,51717,DS
Summa,,1259035,1281384,118630,1152699,1157162,1088182,1203170,1152475,1046283,1309506,1276697,1076731
